,meanWordCount,wordCountStdev,meanSentiment,sentimentStdev
-0NYY8cqdiQ,11.543859649122806,14.918741762217682,0.29545175438596494,0.3782472654844347
-3nEHRN6IPg,13.899543378995434,13.973072064145626,0.23498949771689498,0.406952450538497
-5aaJJQFvOg,11.304347826086957,12.65099598653186,0.23508985507246377,0.41858726241466565
-7AZX5Xtiks,15.12135922330097,18.05573566317977,0.1737388349514563,0.43910302057673395
-7UzyXO-mzk,11.751243781094526,10.936535600695205,0.1555497512437811,0.3931298281896679
-HoAafTYR9w,44.35639412997904,80.59614297595536,-0.11323060796645702,0.5556462996562548
-SIp6xSP7ds,32.303030303030305,43.01156507159177,-0.08113679653679653,0.49844216984882633
-WRcZ9xHMuE,15.15311004784689,13.791563139789224,0.12998181818181817,0.36398463520845514
-_jlqATo9eo,16.666666666666668,12.579025560748773,-0.03290833333333333,0.4558977249117505
-hg_VRwS5RI,21.762135922330096,40.011177990607436,0.5464305825242718,0.3843673600855973
-p2lhxUqMMQ,20.16810344827586,24.95506298693499,0.15517370689655172,0.43757656878322926
-ppaazmNIgA,22.41839762611276,29.914163209422963,0.09690089020771513,0.45370066034295536
-rZkKvRZ0UE,14.806451612903226,22.286213867643845,0.05302764976958525,0.3867487783630146
-t5YLGn3VHQ,13.240331491712707,14.101736711595514,0.14155994475138123,0.3968407621406801
-yMXWp-Fh3g,16.935960591133004,21.025934891410778,0.18406009852216748,0.4229296142947606
0-7wMD5ISIs,14.088669950738916,14.863471727243532,0.3442704433497537,0.45580652000222105
0-M5C7sQdGI,16.376033057851238,35.02132018050754,0.13960330578512398,0.44320527009649674
069D0NmW39o,9.787878787878787,10.395013180891995,0.00852828282828283,0.375055371354428
07JQ4WZJIbg,18.507042253521128,17.057778484933092,0.3248605633802817,0.4801437601620323
0ANDjPQPS_Q,16.144186046511628,17.907411172989132,0.5034032558139535,0.41103034410417544
0FBYDz1_EPs,23.458646616541355,25.503832128834695,0.023852255639097743,0.5161954737384864
0IC3II1i5yM,23.90508474576271,32.32445564128713,0.0009845762711864381,0.49593089154080244
0Rt329xQUjM,14.454545454545455,15.391177193732888,0.24673818181818183,0.40177360272989615
0dSR-9mtuzk,15.220095693779903,35.13475949812093,0.2838028708133971,0.42554429579542774
0eOtSEkLVtw,19.31219512195122,24.151890632789215,0.020745365853658538,0.339609054708048
0gwkMY-mzUQ,10.995049504950495,12.005594684516064,0.12558019801980197,0.3704666770573446
0ufNmUyf2co,13.315533980582524,14.682076395198651,0.1588014563106796,0.36260288746488056
0umuSm2WA9g,30.397058823529413,72.1863549569213,-0.1034470588235294,0.5049109079001893
0xCggNCs2kU,17.542713567839197,61.65222545626777,0.25853015075376884,0.38137861896746744
1-jXHDiRnC0,8.972477064220184,6.58857930406968,0.1253743119266055,0.30790356857277074
133w0dT64A0,13.191780821917808,24.044868723944838,0.19785753424657535,0.409775675234726
1HJkmKODN4Y,16.61244019138756,22.295179676452488,-0.03389760765550239,0.48211392699238464
1QR-GsZkE3E,15.02734375,36.53731955104931,0.130366015625,0.41422495221390454
1Znl8OUBa_o,11.328502415458937,7.963405939302627,0.27652367149758456,0.3345169742889373
1eKa8ju_b2A,19.87264150943396,31.049994949343997,-0.1949183962264151,0.4922914142856914
1iUgR_lKn1c,29.333333333333332,33.5785069506114,-0.00844603174603175,0.48104432155313415
1j_k5WCFShQ,16.528384279475983,15.530257041707525,0.21681834061135372,0.4166241943421786
1sJHx2s4Pp4,10.196969696969697,8.470108139061859,0.3571575757575758,0.36865494812884314
1yf8ZSjtXiI,20.08695652173913,30.944269680943457,0.27046086956521737,0.4127228225002349
23QOy9Q2qNI,9.465753424657533,10.849786103393026,0.18651050228310503,0.38348646212391296
260mj1dmJhU,20.50232558139535,36.20242600671958,0.017553953488372093,0.48886481061406617
2HboMs0vbsE,12.985645933014354,17.434073200339704,0.1820071770334928,0.38609822347350475
2QHltvwTjSk,14.761904761904763,17.504434758028175,-0.07383809523809524,0.43137601180743845
2Vv-BfVoq4g,9.879396984924623,30.887471351718375,0.2885653266331658,0.3725629416740981
2XLw9U7Z1CM,0.0,0.0,0.0,0.0
2Yz_kqxegrs,12.817777777777778,29.970337187144075,0.13466755555555557,0.4100884584079933
2Z3yeFZyCjI,13.876237623762377,30.295551283400414,0.13404257425742575,0.48340549377540765
2c7UCvK0Ixc,10.077669902912621,11.054798600840204,0.2173631067961165,0.3976760631690293
2dkl0fUKHAM,13.560747663551401,14.627248076546556,0.25289205607476634,0.470023230753901
2gGRX1bvgS8,18.85,34.17523913152576,0.095247,0.4744900202152184
2h0bkuWzQeU,18.173267326732674,62.34684461183708,0.23311485148514852,0.36879565453406804
2jP6MFBXFaA,9.097560975609756,6.475462274545182,0.11020829268292683,0.36921939513603536
2ktuvx9hrMw,14.714285714285714,17.99592105459386,0.14246866359447005,0.3870894024575783
2pVHOaT9CZ4,12.681222707423581,12.296720654276355,0.06022751091703057,0.430133730309954
2yCp-Dj5-7c,20.492537313432837,20.257272440946178,0.2144179104477612,0.4748458641647813
2z3EUY1aXdY,12.788288288288289,19.841572695014285,0.11203693693693693,0.4446510973313751
34mNW4YSJhw,14.966666666666667,28.502375939097945,0.029226666666666668,0.38174755126439064
37xIzAWyO8I,19.05990783410138,18.947078001799667,0.3872926267281106,0.437965366930501
391JeKrI30w,27.235,39.82196276670658,-0.0531725,0.46365866364776165
3A-3NaPA3QU,19.38150289017341,17.994963896467425,0.45880115606936417,0.4404685344975015
3AV1GuBI-0Q,22.454545454545453,36.68840443982799,0.130155,0.45358812530511444
3GUYMZXyf9Y,16.14,90.12002270562469,0.402682,0.3514436257587156
3HhK7HbX3Qs,12.82587064676617,12.406229377340404,0.1578278606965174,0.4115726088066363
3ILxrRlf3KY,11.76036866359447,16.74613542627999,0.10935852534562213,0.360543507845679
3IdqPpwSE2g,15.084677419354838,13.456967217658661,0.10320362903225806,0.4457047131031075
3LJh6TReA5w,15.24561403508772,14.873611221789494,0.3667666666666667,0.4171826746733606
3XklsSF53pc,11.205607476635514,9.076863553929709,0.13599953271028037,0.4037230135748041
3Z6kYVQC83E,15.679425837320574,19.831686176213793,0.1992885167464115,0.422711954756929
3_keXD1yV3E,16.932098765432098,17.487928948902493,0.39263888888888887,0.4238752781887938
3fArI2PZBUo,13.5,14.87417817798981,0.17856046511627907,0.4875934430575562
3g246c6Bv58,21.27751196172249,47.85444197623484,0.12238373205741628,0.3252997801192312
3hn14sIQc6E,15.349282296650717,20.138881069523837,-0.00988803827751196,0.47533993231208765
3jcolXvi8IA,21.094202898550726,23.605606064686402,0.4020695652173913,0.46694268636700414
3mUtNE82ZV4,19.6875,19.82087120900267,-0.128528125,0.4486992931074002
40zKzYxwaF0,10.058252427184467,6.879201942821277,0.25513155339805826,0.37677583712142526
41QT769qVY0,34.15942028985507,142.56325012793778,-0.014294202898550724,0.4934154126907606
41d9Bd7m8js,17.84188034188034,29.33374256895121,0.1288431623931624,0.4716564674868195
44W9qstI8H8,14.21608040201005,36.192506377598285,0.2969532663316583,0.42203588850804163
4AtOU0dDXv8,47.65234375,70.73940185552497,-0.257674609375,0.533609232895402
4B7vs7tPRpQ,10.695652173913043,8.375828052661426,0.3232502415458937,0.39886351631604466
4Cc-U8uhXYk,28.743362831858406,25.472696933884833,0.3056871681415929,0.4513466457553569
4FkEYUPr2gg,21.502487562189053,23.48896004043377,0.32402189054726366,0.4910556405524816
4JGWxG-vE24,21.624413145539908,39.59106728460558,-0.014283098591549297,0.4939804992864183
4RYZEOZqWGk,27.29757785467128,32.223848586473224,0.2200809688581315,0.48563231992670275
4Uhe7pNqCFo,8.924242424242424,8.152064805353204,0.08574949494949495,0.3280911852864807
4d07RXYLsJE,3.0,0.0,0.27755,0.39251497423665255
4dpjhcQr0RM,10.467289719626168,28.653119767873452,0.17768785046728972,0.40438263284717046
4eKYR_iL5eU,9.822727272727272,10.145085942648672,0.1020440909090909,0.3446222363168256
4ihuh6AKyY8,45.65919282511211,83.68936822739487,0.15403811659192826,0.569031359456652
4qSziR6sD8Q,29.43820224719101,29.365237277565495,0.2724640449438202,0.40832700193683646
4ubwGb-vLA0,11.485849056603774,12.023467879293673,0.08404811320754717,0.4017336737113028
4vZJn6r0dRw,10.74712643678161,10.13434949998264,0.14096551724137932,0.353853509073019
510KQ_LXGww,13.075376884422111,10.528909059993081,0.4182633165829146,0.40547796937383734
51tc6o12uqA,13.754901960784315,13.863469575120497,0.2406578431372549,0.44221179954007095
5EF5Curjr8k,12.791878172588833,17.561911912599342,0.1621989847715736,0.3949519342997668
5Kk5QxB9lWk,18.76732673267327,24.058600137565815,0.23265544554455445,0.4365795838445724
5Smb3tZD1Qc,23.75121951219512,49.15204063918095,0.15632487804878048,0.5317187126000261
5_O5bT3hfkQ,14.839805825242719,15.232140856887565,0.01135097087378641,0.45181732513454564
5q4Z7HqxFM0,18.38118811881188,19.821297219328827,0.2510410891089109,0.46150769525642527
5tCyAEMaE-I,14.922413793103448,16.817662773446475,0.1557081896551724,0.3958363596390469
5wVnr3cahQg,15.751152073732719,12.157257056159677,0.33832488479262673,0.4326528883357738
5x1FAiIq_pQ,13.60126582278481,16.935975305071263,0.26272974683544303,0.4526177199879267
5xrks9k3feQ,28.524229074889867,37.793255516914144,0.5772321585903084,0.42143906211490806
61hO5yTnAaE,24.638613861386137,24.80356847339379,0.41855247524752476,0.4546814959999889
6A3cHzFQsqI,13.9,17.689330204978795,0.12884076923076923,0.4365107773155
6Detw08jRhs,14.284403669724771,15.254684613270665,0.1241467889908257,0.4223233322434205
6OcOO1k-vGE,12.620087336244541,11.284974406739254,0.18518384279475983,0.4494186564096197
6ULZDwevR0M,15.64,10.383801487573486,0.090476,0.40179834834570105
6ZfuNTqbHE8,12.714285714285714,15.048730368847922,0.06102165898617511,0.3788503633570299
6dGqZmvDElA,24.137931034482758,26.779086890857414,0.05108423645320197,0.4766001310310304
6dlhWPDoifU,26.325301204819276,43.50133635947569,-0.17216927710843374,0.5069816001282149
6gFj1XJ6b5o,14.731818181818182,16.290061579630724,0.20283045454545454,0.36337355551705675
6hb0GOOFQwI,17.597701149425287,16.127010255162453,0.0847919540229885,0.4487909743471227
6mDsa-AqNcQ,40.601659751037346,79.76062518916889,-0.021439419087136927,0.5124337045556832
6vgGGAm7ANc,14.936395759717314,20.516457251900484,0.09213639575971731,0.4361568239625411
6xMBmvevhj0,12.747524752475247,34.84722333188356,0.09949554455445545,0.4162166356490277
6xe64i_4GhM,31.178571428571427,38.44703170957917,-0.06607767857142857,0.5321274839178814
6ztB3fg9knE,32.81589958158996,145.54383525740707,0.03933849372384937,0.49389037562383825
74LFfWHc0oo,34.256198347107436,61.58225332087709,0.057444628099173556,0.5775408977202288
76-ui4F8DJ0,41.92706333973128,67.08733155096179,0.08438829174664107,0.5381434825800852
76LcOD4aY-o,8.5,6.710607875931668,0.094853125,0.42412880650345874
7Bgj9c48zHU,17.63054187192118,20.214112637089002,0.28637290640394086,0.4339662685994213
7FceZB6qMiA,23.686746987951807,40.51333972207055,0.10190629183400268,0.4744383385418196
7IZZrxZ6uxA,13.02415458937198,14.705008595755013,0.279587922705314,0.36608581438538096
7N_tNfBxCxE,15.469135802469136,17.319854192517802,0.1265744855967078,0.36514510238069225
7Nv1KoqM6vc,16.398058252427184,20.546124104643663,0.12216019417475728,0.498327394652778
7VC4zX1vDE4,11.405,9.685038713106513,0.242852,0.4002127661468768
7YibRBd46oo,15.98407643312102,23.751167476411386,-0.001809235668789809,0.4653557939494825
7dKownfx75E,14.675675675675675,18.14255374330546,0.16332612612612613,0.4297734706289098
7dbRDavsp6I,8.678391959798995,6.583349476553716,0.3168628140703518,0.3624897658243534
7xhxjcejONk,7.0,5.656854249492381,0.2273,0.21227345571220158
815lSYphlbw,13.153465346534654,14.046518765308587,0.0787990099009901,0.4227220663416439
817P8W8-mGE,12.071065989847716,28.15056140703658,0.2041720812182741,0.39052820115868486
84iujjDAqHw,12.5,10.821210262687616,0.1263402777777778,0.40113872268047696
8857-yQOZ2o,18.4,31.891837289724872,0.14877955555555555,0.4229223597163147
8J2q99ApzGs,17.173267326732674,18.65514956230216,0.062004950495049505,0.3973966622149081
8V08Gu1DOgE,14.51643192488263,19.69809784996766,0.059205633802816904,0.4079433750317089
8gE6cek7F30,17.272727272727273,19.979491233013665,0.40975693779904304,0.455600647140885
8kFnLQySIzU,23.820388349514563,35.735638723414475,0.020210679611650486,0.5119093759189045
8nsWMmFYRqE,19.134615384615383,48.02154461986249,0.17249423076923076,0.415883555173969
8qL4lMQQ9IE,40.922360248447205,78.34477398404599,-0.09918416149068322,0.5609913791165281
8rWuGBPA7bE,12.137254901960784,11.695680829382432,0.1651651960784314,0.38573633062367296
90CCjgX0n20,10.097674418604651,12.023526166740206,-0.09457116279069767,0.380510259856575
96bpvMCfBfo,16.218446601941746,53.74860950682024,0.3314495145631068,0.41041191428856827
9D0eyl7-XQA,14.46236559139785,17.318360286770144,0.3499198924731183,0.426026905484554
9KIP-Ncp2jU,0.0,0.0,0.0,0.0
9PhM-zCmTFs,13.529824561403508,19.10174725538346,0.18980245614035088,0.4371151349774342
9QkNE2m4ZDM,10.685714285714285,8.285735703549102,0.4550257142857143,0.401342702483101
9Tb3xPmr3yg,22.46153846153846,32.89773845105858,-0.04648016194331984,0.475178706311873
9Tuqhjq5ANQ,23.56650246305419,36.74435716203553,-0.019928078817733993,0.5030979418156688
9dmij6g-iZc,11.922705314009661,10.768698636123645,0.08411062801932367,0.3693663316734154
9flXyzcSfT4,8.642533936651583,16.953782117729187,0.1987841628959276,0.3649448789921452
9udUUMxQNG0,16.75,22.5055548698538,0.4772375,0.33154541571038415
9uez2DBg9Mg,13.198275862068966,51.99370921448364,0.23224094827586206,0.40649240894810107
9wRQljFNDW8,14.066265060240964,20.771815269784305,0.07921385542168674,0.4090598745396314
A-JtybJbVbA,13.850393700787402,15.835001786858165,0.14301496062992125,0.37230468003290423
A34u94sPuKg,23.577507598784194,30.42154411281619,0.07111276595744681,0.5023336914038917
A6owSHYjOiE,23.833333333333332,20.026497598447065,-0.2616583333333333,0.44246391215624137
A9YcrloL3oE,8.973094170403588,8.199604078835183,0.12491165919282511,0.38206281905111983
AAbtGz8dHKc,14.95,14.576386816751912,0.181155,0.37061093725872346
AFC5RaH4xMg,10.748792270531402,14.39338730281625,0.0655207729468599,0.4060051407003707
AJYb0Yom5UQ,25.321428571428573,30.493610091464348,-0.1371948979591837,0.49686028937048576
AJaHx4CDD-k,10.964285714285714,12.901787390635386,0.04259464285714286,0.3594405062728012
AJkOHavUH_A,35.50480769230769,46.175049999701315,0.07049663461538462,0.5847023258821544
ANDqRchWuMc,19.3,31.357077855857224,0.23595549999999998,0.4385207713487143
AZ4sakIfXUE,19.890829694323145,28.37687088989148,0.15054279475982532,0.4683452297325208
AZTn1UMs408,9.413793103448276,7.370006743215322,0.19913620689655173,0.47278858993351863
A_fUji0jTAE,16.48,18.637538923979665,0.07585688888888889,0.5446284640854382
AaALLWQmCdI,17.44,33.993660123196925,0.26121244444444447,0.39442527121951415
AiH3nDqWr9I,17.06280193236715,23.956897336156487,0.06482173913043478,0.37912409470424097
Alt2HGrsfnw,23.493197278911566,24.170292204220427,0.14057278911564625,0.40964108556638107
B1pdDGaC9Mk,14.679738562091503,19.68490391229949,0.29865228758169937,0.4000671840100188
B1r4Z3nXPVA,10.197247706422019,10.825068692883194,0.2697559633027523,0.3697896833894013
B2MvoBRzrm4,20.833333333333332,43.56569403750727,0.25628333333333336,0.42171820801300125
B7B6x2bHcUs,27.63157894736842,29.67267827913938,-0.23021052631578948,0.45490243629783694
BJDGBNFxO7o,11.990049751243781,11.409640682226257,0.2557089552238806,0.40635154044177435
BQ31l1gPGKM,15.31924882629108,56.50389413361937,0.05769906103286385,0.250422788158951
BQC09Mdn24w,13.816239316239317,13.461931429543332,0.2787188034188034,0.42236880827406503
BjRNY3u3bUw,12.655339805825243,12.18406178543452,0.05028883495145631,0.44161984570288054
Bju5Enu--80,18.22772277227723,25.004827867413553,0.4106009900990099,0.40745099451877426
BxZYIjdgGtg,24.125,43.16386647844896,-0.10559196428571428,0.49208220823819193
By6Mi7VlqcU,15.555,17.042865702597787,-0.13961,0.46703552908438956
BzzG-yDxA1c,9.708333333333334,8.801438482502586,0.09285714285714286,0.34138319270293804
C7mxTEskjQg,10.481818181818182,12.660824284578185,0.23160727272727272,0.379140093072701
C82YHbZNmKs,35.57254901960784,38.14861159087659,0.452341568627451,0.5174196540746462
CNBGEWRdeIM,9.253333333333334,7.536387918435652,0.08601733333333333,0.27484023786556433
CV0J3Bq3BIc,22.356617647058822,39.03486983526676,0.08826470588235294,0.4582866609673223
CWrjDoEBQsw,13.965665236051501,11.269375139847927,0.2218008583690987,0.37447961306686417
CY8E6N5Nzec,12.149532710280374,44.389082898070654,0.22151869158878504,0.39958509035963374
C_SJgw5MVFY,29.020746887966805,59.5283159606124,0.3240174273858921,0.5032905733222318
CvAQpSdcvno,13.850467289719626,20.933520410478508,0.08127897196261682,0.3940361284130084
CxGUmtRLm5g,21.093457943925234,21.774789536250132,0.16478317757009345,0.47646620056312233
D8PXRnN0KPU,14.206896551724139,14.029741117129428,0.4551258620689655,0.38828028199947867
DCcA4FyWeXI,86.52066115702479,141.48922410836872,0.1475887052341598,0.5850509905144252
DQQN_79QrDY,10.548717948717949,26.81458742668505,0.22345692307692308,0.3652821842277489
DWaU47V3rMU,15.986486486486486,16.720345460104777,0.17130135135135136,0.36331801291011284
Dc6ZDo9ViNA,24.19811320754717,57.66349840718861,0.1445933962264151,0.545662102928449
DgOUdtUlL24,13.266968325791856,15.898720484362926,0.3638633484162896,0.4054602281421703
DhEjpq88wGw,17.31231231231231,26.717369441583706,0.08559339339339339,0.4456389708111476
DzNwinmBawo,23.946428571428573,31.825926426954922,-0.06286642857142857,0.466360858420568
EQzWr52gCWA,18.576923076923077,18.55460122916218,0.5538333333333333,0.31811403153001133
ESRAQtXVQL0,19.431372549019606,21.193635744685984,0.33440392156862747,0.4728745960445684
EUwzWHD3Htg,20.561068702290076,21.01965171548931,0.27545419847328245,0.42370516410992254
EY8rq1AyCPY,8.706666666666667,9.802204562531548,0.1938062222222222,0.3671641135791961
E_ViwNxUldw,14.091346153846153,20.647169908543294,0.13193701923076923,0.3423149565714612
EbuCLC_wVlM,11.795555555555556,13.76891484006695,0.3036457777777778,0.3887646011181312
EdkK29-TWJk,12.416666666666666,14.100021491494475,0.47386666666666666,0.3169696639724185
EeNrUTiwZVw,14.631578947368421,11.454473340759497,0.16033540669856458,0.4061946560999846
Eg_kW5fw6qU,23.720183486238533,29.952645513177412,0.20938256880733946,0.4409795408577613
EsdjC5dsOTM,12.918552036199095,12.211494945458634,0.15737647058823528,0.39101346011269844
Ex9mcCs3dhE,12.677725118483412,13.639244028076252,0.10424075829383886,0.42753029505286955
F-j_6IuaYfw,14.425,21.09977196285358,0.1293005,0.48245391869907167
F0rXPrnC_Ps,21.908333333333335,33.560909676265716,0.394005,0.4368385441041836
F2VBwm44tB0,5.375,3.2486260832190936,-0.26195,0.39946341151957476
F7jcFXTnBiQ,23.64351851851852,30.1116952421006,0.5130898148148149,0.46454460049522467
F8BdzL8OltM,10.166666666666666,9.63070145467251,-0.13948970588235293,0.3848390569390351
FGI7iaAIN3U,26.922388059701493,30.550928428004127,0.21601253731343284,0.4837770848916857
FH4SVGKUX8A,22.612716763005782,26.814072583375314,0.40382023121387284,0.4737117228765232
FKiuTRS5R-4,28.173333333333332,32.20735275412388,-0.07750355555555556,0.503262931391039
FO_Ox_dH0M8,18.136363636363637,20.998567427919845,0.21104793388429752,0.40994783416729014
FQC29joihwU,12.43939393939394,16.767561856015117,0.11574242424242424,0.458188276552039
FZjexxJ7lYM,22.294536817102138,33.894566127031524,0.01801377672209026,0.4858338894551134
FaxqVBYVOVU,18.283185840707965,69.2595080069218,0.30652699115044246,0.4694636570260151
Ff7wbSwTuEk,8.506493506493506,7.885523406228343,-0.01935887445887446,0.3760390913959054
ForvnkfjtpY,18.057692307692307,18.65078357555421,-0.023522115384615384,0.39454698757216083
FwzoDS3zL_4,16.901477832512317,16.38219716472162,-0.0649206896551724,0.44494830088551657
G03bNA-gpXE,17.374468085106383,26.873480621611538,0.041266382978723405,0.4276605353819616
G6n7oA5yoPY,15.85427135678392,15.996333839659385,0.1256497487437186,0.41765062931729013
G8gJ4RTBxcg,23.62857142857143,24.853875228455532,-0.10025142857142857,0.46165937086565734
GBhrvR838Ag,15.961722488038278,16.65280263139839,-0.036983732057416265,0.4796556145613596
GKUE2U2qlzY,24.39669421487603,27.22031805779496,0.39327603305785125,0.48192633922172207
GMNkrW7jlQM,23.585062240663902,38.30211625050166,0.07138008298755187,0.5331226248262775
GQ6cKZ3Zf9A,33.595238095238095,46.717649054684124,0.5641380952380952,0.41383753229390696
GSCP2yg-v2g,25.958333333333332,32.38061087610546,-0.11660075757575758,0.5013744444380324
GjDK_6NtYGQ,7.970443349753695,7.355816268150311,0.1361704433497537,0.35515589034790396
GjwjzIFcX7U,16.88936170212766,27.14342433506815,0.18012297872340424,0.43704518951116483
Go3DZxyoH_Q,17.042105263157893,17.009679797687742,0.2927385964912281,0.39710529094512803
GpekGi00XCE,15.507317073170732,14.289931843096536,0.5855990243902439,0.37999486270911353
GrnswGtm_Sw,21.924924924924923,38.67711268375104,0.07413513513513513,0.457877819628323
GyDq6ZD4VBo,29.4453125,44.62597114561179,-0.015442187500000001,0.49865221017271927
H00djJq68VE,20.588516746411482,30.283167801871468,0.2727272727272727,0.43602315964064
H4CkXh3FSo8,19.144278606965173,23.49966126568615,0.38367562189054727,0.4630411066554851
HKIIgYFhQlE,14.628140703517587,57.205922664875345,0.19087236180904524,0.3961330198099972
HVjlcUtuENM,18.668341708542712,23.598719207751127,-0.0768286432160804,0.45841942798402463
Hkx5fveyjIs,13.928571428571429,12.435510582040493,0.1589461038961039,0.43547294508356527
Hpv3jqmYRjk,16.58173076923077,20.67117886423775,0.21480384615384615,0.43828455218132867
Hvysy11716g,34.75784753363229,41.88072530535706,0.0838914798206278,0.5523490770745413
I-5CODzeGEE,23.004608294930875,33.01830268197677,0.06684562211981566,0.4494073090602376
I5X3vC-XsU0,27.933823529411764,45.557101302141845,0.02936764705882353,0.4847814465355954
I6N-XuYllgA,9.014705882352942,7.06443108909529,0.08004509803921568,0.37311055800931164
IBHx9uwCy3w,16.095238095238095,17.88240364131417,0.17748333333333333,0.40540322871785867
IBVo8dfqTBc,10.415841584158416,11.792372378072946,0.16521039603960397,0.3646237488831379
IE-xepGLVt8,18.314685314685313,33.23481995240905,0.2787311188811189,0.48464631340637765
IFasecLYzD0,28.62559241706161,39.31323670221664,0.44472322274881515,0.43214781728240326
IJofEhiRpy0,12.241379310344827,10.734688016004748,0.19089950738916256,0.37497230742601484
IXJhN4cOVM0,26.8,36.38268819095148,-0.2420019512195122,0.5091619519656859
If-n27SUAl8,15.18918918918919,16.76444292383575,0.45933243243243244,0.40323874101114376
IfkWuQY0ti8,12.46043165467626,10.696922344226447,0.17615035971223023,0.43314833141862524
IjvXgzSa1Dk,12.747524752475247,14.673922407379434,0.1831871287128713,0.3975756488392161
Isvqg90LhqM,10.220588235294118,8.769369421250502,0.23788235294117646,0.4078895814102241
IxF3mxWbdjw,18.574018126888216,36.730754043357315,0.1703749244712991,0.43876103215646833
J41qe-TM1DY,16.824324324324323,23.664333344050064,0.058333333333333334,0.3929050339092025
J7wMOb0WIfQ,0.0,0.0,0.0,0.0
J83sZrz9XTc,21.433962264150942,34.22327548867765,0.17761792452830188,0.42998319471121266
JDK3l9TmwAo,14.495049504950495,13.6075950129822,-0.028682178217821784,0.4201555947032074
JFydHaV0klA,9.963414634146341,9.123343177896057,0.22697764227642275,0.34756586260021377
JGEsZBPkjNY,0.0,0.0,0.0,0.0
JJgiKhhpGvQ,16.30263157894737,33.40250580308822,0.0383078947368421,0.44751143979564506
JOZzku2SrzQ,9.90079365079365,14.222831070866228,0.01967857142857143,0.34586149753223744
JQBrUjPaCNw,11.52,11.403951113982426,0.32392,0.4265737292246751
JQbjS0_ZfJ0,20.068292682926828,56.786366248234465,0.2711078048780488,0.4229182494562028
JQkjAhmvITI,15.850678733031675,13.820615760224758,0.3035868778280543,0.37258475272532227
JbQ4MwDdxSU,16.434146341463414,27.228009743393333,0.00213219512195122,0.47085650861328354
JcC5VGOx8I8,10.803921568627452,11.424663680413834,0.26833823529411766,0.390482375940353
Jcghl0lbDSk,12.277777777777779,28.225943314068218,0.1358875,0.37464577723652887
JqIkzS2wSz8,33.265517241379314,78.51807706638087,0.3084596551724138,0.4625450634287462
JuP1Z8xpRb8,18.940366972477065,21.983259736000733,0.5277899082568808,0.39497854656666836
K1uiJIl614c,24.49484536082474,28.015294822404677,0.15661237113402063,0.4687939020013957
K3ZwxsTOD_8,17.929906542056074,23.06796943980401,0.08757897196261683,0.4363910536610141
K7XsnDRtAcw,18.29245283018868,27.30448532885383,0.29540377358490566,0.49378961911706676
K9kVsnTQh-g,58.31958762886598,44.30376827270466,0.34392061855670103,0.5266186887307046
KB_GCuJwPE4,15.770334928229666,20.248335173320545,0.033495215311004786,0.46572049689378786
KORiXf-u21Y,14.28,16.13145493698068,0.08969,0.39969395577470057
KXBYn9cwl7U,18.490066225165563,21.109072084013818,0.09647119205298013,0.4612281861856765
KjICBHj1EzM,11.497652582159624,7.518294927347594,0.2050643192488263,0.4086164413893657
KwnnwRSWz4o,20.45798319327731,21.58928862322935,0.17601848739495798,0.4850832628457315
L1d2BJqdywQ,0.0,0.0,0.0,0.0
L5hl45NIAhc,16.76923076923077,21.29302367309202,0.0033526627218934905,0.4592529154669478
L9eFkmjIIWA,20.487455197132615,28.01577831986093,0.1470258064516129,0.3803542948612534
LQicq60aJaw,23.967078189300413,27.42335198311339,0.2385687242798354,0.5365413798800354
LTNOYZ44ywM,16.639405204460967,16.912419518603965,-0.05087732342007435,0.39827481976454504
LTyKOzyqyCM,22.107843137254903,48.29005279833429,0.26313872549019607,0.46108858740892916
LU6xDgpnIyM,22.633663366336634,34.48605537559639,0.20277772277227724,0.5207282378174436
LW43OnmPxIs,18.582938388625593,33.997289708375774,0.2426611374407583,0.4605533830871138
LYX7CnSiBSM,10.930348258706468,10.275462246444656,0.11966417910447762,0.380303842618567
L_5_slz4ke4,23.9010989010989,25.573013095429307,-0.13833296703296702,0.5053312590227754
LdhQzXHYLZ4,30.103004291845494,49.315116584004414,-0.03777038626609442,0.5268256916046938
LqF3QRp3VCE,14.445414847161572,15.731375466233178,0.1108589519650655,0.47831569730683615
LsoLEjrDogU,15.454545454545455,55.82374455759426,0.28139421487603306,0.39653494020649394
Lz7dya576HY,13.578947368421053,12.803398671597304,0.07285921052631579,0.35440561740379967
M2-IpsWQUWs,10.368686868686869,14.900019735377837,0.22462222222222222,0.36672633721512204
M3W0ELaAOIg,17.59,23.18078176455834,0.3529615,0.42770854253162
MHEYapANYk4,14.983240223463687,18.438319545018622,0.15665921787709497,0.4716101970210317
MJO3FmmFuh4,7.432098765432099,6.107246252618562,0.06828271604938271,0.4237768041050983
MKLlDnUqho4,10.547058823529412,12.964248410934767,0.0737535294117647,0.44455503438487454
MLVcmQ62luE,12.821100917431192,12.026089713844518,0.10737798165137614,0.3473697779695274
MU29Wqg_BVo,21.347417840375588,25.540782323516,0.21983755868544602,0.417078203604928
MUB-h2NeQYA,13.14977973568282,11.360330663459024,0.1919330396475771,0.4632033697844368
MVes87KrWvs,13.663366336633663,17.24755500891439,0.20005742574257426,0.4249201352754356
MYdqaxZndzE,15.238493723849372,25.501310384665423,0.09107615062761507,0.42440806060654546
MaTSyJDoxPo,17.618110236220474,20.36407329096165,0.3390003937007874,0.4063966624285268
Mb-gOG-RxHc,22.206703910614525,32.327919956489716,0.00632653631284916,0.4301376596726233
McRNSFGwqtY,10.96078431372549,11.075576973374874,0.2864764705882353,0.42800295109163317
Mhzmc7LRIGo,11.74384236453202,10.457523655470784,0.155256157635468,0.37572263126219707
MtFjRvKfv70,13.337931034482759,18.59817071711593,0.00873931034482759,0.39203017728524275
MtJFuT0KFq4,17.80821917808219,18.678833775634807,0.4013296803652968,0.43219034127050093
My4RA5I0FKs,9.55045871559633,8.524279488756525,0.1886816513761468,0.37609804368491445
N-3NfWJHNhg,24.286956521739132,39.988156591079395,0.1577386956521739,0.4234913546320313
N0tmF4j4K6g,14.54601226993865,20.19570986528603,0.35888650306748465,0.36234700262391506
N54fzGwMybk,18.366336633663366,20.699807854650423,0.41332722772277225,0.3928269611346277
NBYL_QwYhjs,7.852941176470588,9.143515895566834,0.11663627450980392,0.29608832884906766
NHrwcQQ38bA,10.717073170731707,10.875766874899849,0.10373170731707317,0.3552051230358232
NNywashg_mw,16.348214285714285,18.991562764605664,-0.09384285714285714,0.46784600101875473
NP9HAYTK1cU,12.415458937198068,14.4316720417082,0.10345797101449275,0.47947840878096415
NXpYoiCOuLE,12.925,32.06274376617082,0.34617416666666667,0.37422469556726073
Nl0iGMkxwcc,14.24901185770751,24.53498573085688,0.14205573122529644,0.4039511512988588
NnpyRKfAyik,11.401360544217686,15.457701836995248,0.12431700680272109,0.3743631431217097
No35-c4zXjo,18.704761904761906,21.273756238344323,-0.011303809523809522,0.38840787492788076
NooW_RbfdWI,14.283653846153847,14.197411552725837,0.07506923076923078,0.4478553921584464
NsUQU3r2nsM,18.969811320754715,29.698214317975186,0.15595660377358492,0.5049560119266293
O8bszsJ0D7I,27.345833333333335,42.40619950696862,0.22776125,0.4690893118235057
OBLeg0CvHek,31.956709956709958,43.70093855820127,0.31335151515151516,0.4440187362721733
OCLaeBAkFAY,27.95813953488372,34.486664309760144,0.08324883720930233,0.4642703446098573
OG6qjAivguw,28.650537634408604,148.39145245556276,0.10971881720430107,0.47506125502126273
OHOkdEBpwDc,28.85217391304348,42.975720469104616,-0.009631304347826084,0.45796698043959866
OK3GJ0WIQ8s,9.53170731707317,9.992900397046363,0.13016048780487804,0.3293154073221611
OL4LNg-iyY4,27.9064039408867,136.90368844293994,0.3817497536945813,0.4549813034320326
OOGWCr4EZRo,21.254295532646047,28.87733762029487,0.07688659793814433,0.5100477455599621
OPaybxgucww,10.737623762376238,17.950331426062924,0.210409900990099,0.46942225207935534
OPbtnEXZ1H0,19.29353233830846,35.630161492199264,0.36350298507462686,0.47167048889139207
ORjqEzrLG-U,15.084142394822006,26.555492760855817,0.07057734627831715,0.3908412137368225
OTHHeIAYfuU,12.109452736318408,14.340082294010902,0.21394726368159203,0.38470290459648876
OTLw9G1WpC4,14.590361445783133,13.712230738249094,0.36484939759036145,0.4383068527461861
OU9IwxU7N78,9.593886462882097,9.859813759550313,0.060559388646288216,0.40933405283264246
OX1ssH93th8,10.681818181818182,9.285864134655037,0.36761818181818184,0.43703898773054195
OblwxqKPyLg,19.71818181818182,29.13591428548352,0.1822781818181818,0.4923820787216013
OdpHOc7vqHA,15.17910447761194,16.176457003745593,0.22555323383084577,0.4131891983123349
OmLxYUOgTNs,29.102222222222224,44.33298558760859,0.10682888888888889,0.5011073000572183
OpsHLG657lM,17.057777777777776,21.641173647133762,0.014505777777777779,0.47294109259471473
OzKmR5BLdbQ,17.411552346570396,32.33918311600456,-0.12694765342960287,0.48147422979096915
P-2r8XEuCII,9.522388059701493,7.949260737241968,0.2624497512437811,0.3612418867081139
P-MQBhBwvgM,23.596491228070175,74.5969789816113,0.2732263157894737,0.49301390140003576
P1-UTlnjeVg,24.327188940092167,33.328733681624,0.21094976958525347,0.39797007950119495
P4VipvC54W4,0.0,0.0,0.0,0.0
P85a37YTsuU,11.704433497536947,10.04353543375884,0.047273891625615766,0.42159196600519655
PABlVzeldaM,37.30309734513274,69.19341245677948,0.02744778761061947,0.236980628788125
PCRgGZXDGCY,21.55442176870748,21.634303854021397,-0.10660136054421769,0.45675383135282016
PJ9jj08bR38,19.475409836065573,25.232941070718734,0.11013497267759563,0.48001109165398553
PKP8Mimj3QI,17.66181818181818,17.210329300694813,0.2323410909090909,0.48077935932865273
POcPgCMwYGE,13.464646464646465,17.980143097691535,0.06186010101010101,0.3937455711445258
PaJCFHXcWmM,18.12,41.15344543812306,0.21387866666666666,0.4369378673221171
Pc1Obe1BWhc,5.833333333333333,3.3115957885386114,0.047966666666666685,0.3041602055934778
PdWe5ULGy_s,10.89047619047619,11.45377248239102,0.14431476190476192,0.44474483079388977
PgpOosts_Ms,20.902439024390244,33.88716931085332,-0.20863170731707317,0.5231041418489364
Ps7GzIV2KP0,11.423580786026202,19.359017195375834,0.1800580786026201,0.3636086358669081
Pymm6cmE9uQ,14.837004405286343,16.203759145819614,0.06070925110132159,0.424732709235549
Q-v4LsbFc5c,13.705882352941176,12.383914750102859,0.11515294117647058,0.37632606216577463
QCjk_NPsIqU,27.451612903225808,46.71821269964704,0.043151612903225806,0.48992663756336596
QFY79W78ZsY,22.637254901960784,25.570067636394292,0.3748186274509804,0.4300982368551284
QQ_3S-IQm38,14.193236714975846,23.869209818024935,0.16849178743961352,0.4267881112712932
Qj7DVNDb7To,12.379310344827585,18.29567295911718,0.12919162561576356,0.3127258313964355
QsLmJq8cHlA,10.76923076923077,8.710881743281798,0.05129282051282051,0.3852940144578621
R9c-_neaxeU,28.628205128205128,38.051504166022106,0.17390213675213675,0.4826620873823353
RQZr2NgKPiU,19.194570135746606,35.71596494847564,0.01647239819004525,0.1497147900878224
RUbWdNGaYEg,30.104026845637584,52.319845626264794,-0.05994060402684564,0.48329251976302423
RYs08kX3Ih4,18.473214285714285,18.503646384762952,0.2567625,0.45495706270080616
RjujNLl1jyk,20.973584905660378,45.98990399312376,0.15483056603773585,0.43495515661585604
RmH15TCBvDk,17.494505494505493,21.38242976858109,0.16844065934065935,0.4691608437715677
Rzuts_VwAL4,12.543859649122806,12.79044191731874,0.0837561403508772,0.4149462046453408
S-4rhjO6xYg,10.542713567839195,9.612015558893512,0.030531155778894474,0.3805195215716827
SA5ZUHsst8s,24.752173913043478,33.58758828729032,0.07323913043478261,0.5512505887185603
SA7AIQw-7Ms,16.463414634146343,76.15029564945105,0.22145756097560976,0.4030534283221733
SGVbdo2CkgI,12.434285714285714,13.39218211763569,0.30104114285714284,0.40976758133279656
SJXXGL_8VcU,15.901041666666666,17.330045300386207,0.5503703125,0.3660097863022405
SJmU2ewFhkg,44.20415224913495,58.47450046747885,0.2338249134948097,0.4940708269929484
SM1w9PEQOE8,15.967592592592593,53.54375620551885,0.1265537037037037,0.40772468011749846
SPJsPQBnA2s,8.678861788617887,5.404318032190976,0.11067560975609757,0.3382283343810777
SiDhj1Vq-uQ,40.015625,61.477184356707255,-0.081121875,0.593682809456403
Sl-NvOZ23m8,36.49771689497717,48.57136756420493,0.4244552511415525,0.44459921917922446
Sqbv7cCM5AI,11.775229357798166,14.1121228139432,0.13710045871559634,0.39984832867537295
Sy3ERg7OCWo,11.9375,15.180103363172199,0.13437723214285716,0.4007200496342199
T2LAd43JoP4,39.778301886792455,51.60011114414897,0.10097311320754718,0.5118176766269387
T2aJzwAeA9Y,14.665071770334928,17.01251731247684,0.022930622009569378,0.43145349069709404
TNRrY8m71u4,11.385,9.790097293956054,0.173874,0.3402126912690097
TOdGYZ20oSc,11.069651741293532,9.12825965768445,0.29440348258706467,0.4053901492856122
TU-Z4uPnFeg,9.31400966183575,8.968821228729889,-0.07039903381642512,0.4491223630474809
Tk338VXcb24,13.663157894736843,17.240190429601558,0.1310694736842105,0.3670283012096023
TnCa71iUVxA,14.275862068965518,45.65803540072818,0.31451773399014776,0.41331049518070906
TteS6q20VUY,11.036363636363637,12.290824475625858,0.20390727272727274,0.40256060751225653
TynRELscK8s,12.603864734299517,17.92886657979202,0.29785942028985507,0.3796000383587868
TzMJabl_ykk,13.466019417475728,11.899838518257159,0.19981844660194176,0.40607497235148354
TzQe4sqjZT8,26.224489795918366,49.594963705952445,0.19438775510204082,0.43734107151993795
U41Pm93Ej2c,5.5,4.123105625617661,0.0,0.0
U5sCjnezw4o,20.641434262948206,31.87699666428224,-0.02781633466135458,0.502007794772264
UAdJvXMIlXc,12.228971962616823,10.72134906150997,0.15722336448598132,0.3271153727007823
UCrMn3LLMVU,9.72361809045226,8.76396403639279,0.3634060301507538,0.3901863431588759
UEu_f6iNfAs,22.25,21.977773132151974,0.4426212264150943,0.42572593955930693
UFPSIa1cLRQ,11.30084745762712,19.68795288089804,0.26411949152542374,0.3633778411629567
UFYCTJlayS4,22.89177489177489,27.935196310801523,0.3515606060606061,0.4215816363849621
UNnHy6Qc5-c,10.852216748768473,10.479958832977648,0.17736354679802957,0.35825064715829635
UUDaCU3SHqI,18.84081632653061,39.950932601434005,0.10716816326530612,0.4907336755244577
UVaeRX9LybU,20.882096069868997,24.02811005427193,0.4300847161572052,0.49072172223052074
Ub53c95Soqk,20.86521739130435,34.042923184535255,0.12151434782608696,0.48245658176326156
UiWGp8dFr5k,13.422360248447205,15.452525931113923,0.12794565217391304,0.41475738559580966
UpGPcHrVUZI,15.6,6.6558245169174945,0.21168,0.29969223713669996
UwdLlnPaRAU,13.098039215686274,13.333176373074005,0.17477647058823528,0.39000488279789663
UzQP7u-IOxg,11.526570048309178,10.832709336836288,0.152068115942029,0.3523755859045554
V-F7tpdPZ-E,15.765,14.815100777763085,0.091505,0.467171310809232
V69XYIRjKww,13.97427652733119,18.977048464566657,0.02617106109324759,0.4118162940718398
V7E7huN3CPU,14.416666666666666,15.142559276729788,-0.05389999999999999,0.33265186920706835
V8OUVHlpnag,25.175675675675677,34.04257041147348,0.3584635135135135,0.4307328711739694
VA7Y_Psp5l4,14.276699029126213,34.98063772134381,0.23523252427184466,0.3847370740603559
VAUHZYf_aKY,10.370731707317074,22.892526435910096,0.18617512195121952,0.3492070006873132
VMRIc4ayRlM,60.829383886255926,74.41479172660388,0.13919668246445496,0.5796606399136757
VQbYbElYjK4,18.72972972972973,26.51276549066277,-0.11067597597597598,0.4784778166724283
VRJmcxCrAOA,6.726457399103139,6.546546404470046,0.12631031390134528,0.37132879717827566
VTVLcK2zybM,11.52216748768473,12.18964222021949,0.3551655172413793,0.3561559660758044
VUbsFtLkGN8,34.11483253588517,42.67166935422879,0.017370334928229664,0.49981912274532525
VdugkldCx10,11.741784037558686,27.664499262479094,0.2705023474178404,0.3639937589452152
Vf76O7y-7pk,11.373684210526315,17.003962877827718,0.3178784210526316,0.37850782942931666
Vfugwq2uoa0,17.99033816425121,36.709829156251956,0.014635748792270531,0.48383600214147693
VifQlJit6A0,23.11,33.02455154919027,-0.215554,0.5019164454118578
VjEyUUQP1s8,25.291666666666668,15.765893751928607,0.47225,0.40910484252073215
VqcHUdHQ1u8,10.691964285714286,10.888704299689335,0.3203754464285714,0.420115052973856
VuyaBA4h4uk,11.481012658227849,11.108319633134123,0.08845949367088608,0.44344193929056425
W8_T7MMywcs,17.909448818897637,23.14458057454657,0.16360787401574803,0.44213088624316427
W8vXDp7NuFs,10.45959595959596,11.371256123479517,0.10977979797979798,0.43232625393747925
WArjc_PF2b4,27.971698113207548,32.5963268209967,-0.0034962264150943394,0.532430591951999
WAwRrtH-4Lg,9.862068965517242,9.18515211962038,0.10002266009852216,0.37388307363573536
WIp-QvvbsEw,15.711009174311927,29.26399728720808,0.04903623853211009,0.2986468832025803
WKcYTvyoidw,26.12406015037594,30.08358833066957,-0.055155263157894735,0.524482943218282
WKrnYjpmcpE,19.70935960591133,140.4542815616306,0.09524778325123152,0.3367609770679417
WS7f5xpGYn8,16.330188679245282,55.84622110168815,0.0961745283018868,0.3939092399280884
WUFpGGe8U_E,15.159420289855072,24.584482746141205,0.35056811594202897,0.43055855723871245
WXyLdg4mJxo,14.38425925925926,38.31722585976556,0.2824351851851852,0.3801893087360228
WbYqfpnw7sE,24.0,28.284271247461902,0.4914,0.6949445445501389
Wen6VQS6NG4,12.071748878923767,12.899970671441137,0.04071121076233184,0.33195843983043055
Wo5XO8Y8lzE,10.51,9.999492449431179,0.0499335,0.42678341538300185
Wpr2WvQn-kg,13.958333333333334,17.902400124915044,0.16535092592592593,0.4356060855481481
Wv0MKHbtcQQ,17.267543859649123,14.855646047596178,0.17723289473684212,0.3734116429365458
X2BfTXIwABo,23.21097046413502,32.420270617864446,0.23495822784810128,0.47013493661825384
X3gKYTc6lbw,32.67661691542288,186.35278345250845,0.02554328358208955,0.3430334557549222
X58fcXjR-pg,13.928571428571429,15.975816350801425,0.09906428571428572,0.4101226179442953
X5DWRXTOUD0,11.932735426008968,16.02672191861805,0.24429282511210762,0.3981834293032704
X8XHLakfV5U,27.363636363636363,27.48454110950372,0.31114545454545456,0.39719005274553393
XIxZLrruFpg,11.475247524752476,16.917472530023456,0.0983,0.3509848380164205
XKSHDDBAd1w,12.27710843373494,12.079020655344,-0.030658232931726905,0.4312152271423697
XP32nDUMYS8,11.945544554455445,10.201551191701705,0.3539846534653465,0.40165170056814437
XSP5yHZN1I4,16.254166666666666,16.023452455427726,0.23694333333333334,0.43209122811211587
XT3gEidTKAc,10.55072463768116,12.397779591230826,0.18175942028985506,0.39202205455549916
XZo5o1Y0h9o,17.265765765765767,19.119926330797206,0.09072342342342342,0.3368010977548331
XcqS9okipTU,17.675,19.985908980803067,0.1970665,0.4446037522449642
Xpw0ts8RTfk,28.392592592592592,44.83950666059724,0.12577074074074074,0.4858439029032852
XsVy4ImgM0o,12.631067961165048,15.500426613334188,0.24187815533980583,0.4471927499068646
XvHgyZYz2LY,22.341772151898734,33.18022052039663,0.1444886075949367,0.49202121050736386
XxvQIaCJ9Xw,15.074074074074074,16.807110132342505,0.4301561728395062,0.3775725918343604
Y1IMfvF8aQ0,12.371428571428572,22.03401335120096,0.02059666666666667,0.3559825867177382
Y62ExbHI4Yk,21.04433497536946,60.040027942801494,-0.29467487684729066,0.4206579817773928
Y6eKxjMA9ek,15.647058823529411,17.111714685682657,0.25899607843137257,0.4254473586237374
Y6sVQu-6uL0,24.3224043715847,30.28069398438156,0.007148633879781421,0.5064855127931711
YF8415hDtEg,12.74909090909091,14.308856844871775,0.03213272727272727,0.40565461777849465
YL9sNrOlK-I,10.430622009569378,12.23866116105394,0.14939425837320575,0.41371694495608746
YLPNjaAOrBw,15.659574468085106,20.509060485880198,0.10532036474164133,0.42366937499614327
YNpCXG66_PA,17.442396313364057,23.22290635162366,0.32465391705069124,0.44854477551779365
YRRczTwopgA,21.182222222222222,22.97820482164342,0.026122666666666666,0.5407589068449478
Y_VQkw9MJA4,12.833333333333334,10.59550404097667,0.41533333333333333,0.36314790861219587
YfOHh5mt9SM,72.58823529411765,87.10792274952645,0.09932450980392157,0.6429824309340857
YkLzdHTv3G0,11.46039603960396,11.11992142862038,0.0991440594059406,0.3858392662656232
YkfsQKs659k,13.232876712328768,12.912038918234982,0.2242164383561644,0.39359324764396836
YqH4eWR7jDQ,49.5,9.192388155425117,0.37235,0.526582419949622
YrzxVhbDc-4,19.35593220338983,22.019620397656787,0.1354779661016949,0.5018372569885687
Ysh3Z_rOa_U,13.0,10.276186062932103,0.2839090909090909,0.49283589653057025
YsufMtUOXtI,14.113074204946997,21.336744654015156,0.14224381625441695,0.39292675592295356
YvfYK0EEhK4,11.764705882352942,25.457608677411013,0.12293846153846154,0.35651231499242597
YyGq2vjv7Qs,22.59656652360515,30.08780807996784,0.07323776824034335,0.5173273407939395
Yzx_tSlifIw,0.0,0.0,0.0,0.0
Z00-9MhEw5o,17.048780487804876,19.258753064098702,0.23442926829268293,0.4388467437857147
Z9Mscw3O2XA,25.511627906976745,32.25594968597212,0.09931162790697674,0.46967552893526415
ZAQs-ctOqXQ,23.467336683417084,30.50497042530443,0.1102788944723618,0.4755130366637233
ZDk03lHV47Q,16.06153846153846,19.371696045070696,0.29746,0.42501201992541465
ZGmmiuiVEnU,19.702928870292887,26.672296075521835,0.14758702928870293,0.49424978158392713
ZJDMWVZta3M,12.172093023255814,12.04559727963217,0.11914372093023255,0.35859801374620787
ZJkc_C5-Cd8,25.826291079812208,33.551465168493145,-0.07222863849765258,0.5071794083379229
ZLgE9FBOtTY,15.072815533980583,15.926034486749153,0.12783155339805827,0.391145832855857
ZOBvRs4btvE,18.1,20.078899396055995,0.0008657142857142853,0.5463518190748752
ZYKUXMAou3Q,31.8133971291866,48.3444035863053,0.05579043062200957,0.5569933488626391
Zfpf5dnYA4Q,10.215686274509803,10.834289164231999,0.05703088235294118,0.34468532858404277
ZhSk8mPSWCg,22.32,22.324724709015637,0.017943999999999995,0.44275174578989523
Zn99TMv0vac,14.551020408163266,21.635272102472687,0.1484826530612245,0.4046798620229444
_0p3gPzPGNs,10.890625,10.432561364026249,0.050778125,0.40967651170420544
_6lGaYh71g4,26.356846473029044,92.0678941326119,0.2381709543568465,0.46254751033758906
_CJN_ryETIY,15.669117647058824,21.836715467121245,0.11010036764705883,0.35890869332946757
_GcsQuOGPPk,14.708860759493671,16.87726141836184,0.3368386075949367,0.40970227226798134
_Ihg1_3-0os,20.116935483870968,44.098968970429794,0.07211895161290323,0.4876828657791915
_Lp5iMI8RWc,10.853658536585366,8.541022622136696,0.1276731707317073,0.3352355920376277
_OZJ03OBJj4,24.97087378640777,55.64538528596075,0.013086893203883497,0.5168124862316457
_X8XtZZYkNA,15.914141414141413,16.465860760339414,0.1479070707070707,0.42501350321995
_YSVbM1saXM,7.413265306122449,5.97410030140966,0.1759219387755102,0.3304484416564027
__-22AJoFxY,13.849246231155778,47.87723554856104,0.30885427135678395,0.3917029488924704
__1SjDrSMik,9.146341463414634,8.447534086213157,0.004909268292682927,0.3668997847117395
__4c1JCHvaQ,10.821917808219178,9.579233750197348,0.12208356164383562,0.42999079604413554
__Wd-iOZQ6k,9.230046948356808,9.148597093072269,0.04176525821596244,0.3618493923576206
_mHSkHjInS4,11.115,11.45810700248527,0.075289,0.4369834023721539
_qSW96a2aKY,22.60287081339713,41.43240778419389,0.31920047846889954,0.48802850055661623
_uLpgrcLOZM,12.938388625592417,13.59730348830285,-0.06956682464454976,0.45004472607240203
_w58R1OGQFA,9.320754716981131,8.657530259183577,0.4023188679245283,0.3605278352939904
_wS7seijyks,13.561576354679802,14.267247733842854,0.2800635467980296,0.3819332176231751
_xwX82Y0Oro,9.713656387665198,12.63377753491655,0.23259823788546255,0.39844697018546715
_yJq9SeGLhg,12.927272727272728,12.994350083037293,0.2005909090909091,0.38545607358794653
_yThFcog0nA,11.764705882352942,10.249764116558408,0.22728088235294117,0.4214911745503673
_zhR6d6LDzM,14.533980582524272,18.20282236705205,0.1677252427184466,0.42811116637426205
_zu53yAoTJE,22.99126637554585,35.96294282622868,-0.018671615720524018,0.5123002258711596
a-4_6bThk2E,53.952569169960476,83.71435348543453,-0.005981818181818182,0.5386816050069573
a30wbmGT3R4,26.09478672985782,32.52867630593357,0.1131345971563981,0.49252743901054824
a33EuuqAP9U,12.960591133004925,11.332002507807289,0.11009211822660099,0.3813684081172002
a9B4AgwYG4E,21.285046728971963,28.96230447520083,0.1390070093457944,0.47772945473611883
aAGobKLb1JY,12.75,10.358351922263239,-0.2617583333333333,0.3907596621461919
aE4XqQZLkek,8.333333333333334,5.507570547286102,0.13396666666666665,0.2320370731873106
aEM1Zelai1k,31.643171806167402,57.11562937671851,0.31915462555066076,0.4939192867074609
aHsfKnrNCG4,0.0,0.0,0.0,0.0
aJ9XruZm_Hg,20.35211267605634,36.6428833954755,0.08082206572769954,0.4583981428716367
aSO1gltbg0o,17.88082901554404,24.697361855924758,0.16397512953367877,0.4750984962605877
aTgxG6LPh9w,8.051282051282051,6.631495912582146,-0.0012887179487179484,0.3867163962248984
aVamZUeeR88,13.645320197044335,15.468982547676903,0.1781576354679803,0.44021532071521674
af6L1jBZGYA,13.945812807881774,11.912304135068487,0.27347980295566504,0.4257935260983752
ahAnbeyxlic,29.017021276595745,92.77235100366602,0.1666931914893617,0.5367628964891884
ajh-Gn-2wWo,26.102040816326532,35.85350772812456,-0.12549285714285716,0.43691156935127007
akNs04ef_Co,15.465753424657533,23.719354264951253,0.15684657534246577,0.37973608281466875
aliDVYH08pg,27.00980392156863,35.22006679976747,0.24048970588235294,0.4559220892541442
aobdrJr6UaE,18.945812807881772,17.44587158473099,0.21555812807881775,0.44987975001736463
aphpJi5jKrM,37.04390243902439,30.079356226003696,0.15422048780487804,0.4988278190995406
aujUl3yt6nM,37.526315789473685,49.370896083795756,0.16369473684210525,0.4758836102728437
avDL9JRcmgs,7.75,11.528949070347508,0.0,0.0
b1BAq8T9kqY,19.14423076923077,15.055079723879977,0.38211826923076925,0.42455636391185186
b7rYRGbsMW0,40.66379310344828,45.542985539712134,-0.020726724137931033,0.508882715266934
bAHAwesTLB4,13.479452054794521,11.285572880945901,0.15069041095890412,0.4386215273015322
bMfcrZYOAnE,16.266666666666666,17.893701485314,0.23275030303030303,0.3981050018715559
bPJjU2Mpujs,19.0875,26.893184224642972,-0.02805875,0.4424784501365587
bS9zXmexXUQ,25.841409691629956,33.00082398735953,-0.1715590308370044,0.5193846242582377
bWZ_Z5dgrb0,18.774907749077492,51.75895948109402,0.08930147601476014,0.41576564204961
bXYkU5u5pzg,18.003676470588236,37.27028021321674,0.11714264705882353,0.39587006844373346
be3BHwNi58A,25.215625,43.144581670330716,0.132293125,0.47876818549114103
bg7RjxsghNY,15.808695652173913,38.39711953629153,0.30828608695652177,0.37807503446182633
bgV4A0GGBnQ,25.23204419889503,36.10357431856039,0.10082651933701657,0.4755942315362913
bkwLxcfcKTY,17.164658634538153,17.242138109779464,0.307170281124498,0.40921370215644287
bo7cX6kCM2A,13.478260869565217,14.221640990538614,-0.15467608695652174,0.44315163955206255
bye513KciIk,14.504545454545454,23.302163994453572,0.21205409090909091,0.4534989289597749
c0mbyMWd0Q8,17.142857142857142,19.082239599477525,0.2630214285714286,0.5577038243183748
c9m52-psUmw,42.6,32.253681960359195,0.3205,0.7087063990116076
cH4E_t3m3xM,12.823529411764707,41.19709008919034,0.16855784313725491,0.3494866659010264
cIQKKzZtWwQ,21.85238095238095,43.83889731447311,0.43843095238095237,0.4224044566742015
cOZa0SpqANg,37.821917808219176,41.394945775477005,0.7340977168949772,0.3279586834073562
cSp1dM2Vj48,14.365853658536585,39.38706621690117,0.05960048780487805,0.39019682583526705
cW5ueE2vUm0,18.33177570093458,45.739076477557745,0.18950373831775702,0.4666831416793877
coOKvrsmQiI,13.700892857142858,18.06998847548509,0.043070089285714284,0.4249893115490479
ctBVhyZxXYY,19.93577981651376,31.6365521635848,0.03445321100917432,0.4735109151231827
czX0j3L2ZzQ,20.032921810699587,36.97205425687353,-0.17854156378600824,0.4774588336294215
d1hs-JI_yBE,20.855855855855857,34.769661411840936,0.2387265765765766,0.4634548731281571
dBPRS4mVT3g,21.879518072289155,24.218214063961035,0.004430120481927713,0.5576196865368007
dDAlGl_8f9U,16.524886877828056,32.86854762965044,0.2002285067873303,0.4071466982126804
dHCURII_974,10.057692307692308,7.872547141281808,0.19830192307692307,0.40479075325135316
dI5IxmA19jw,17.153846153846153,20.911903124959533,0.3234,0.38430868018647024
dOv-1NG-YKc,12.989010989010989,15.235169044419338,0.19933626373626373,0.39918156298185575
dR10LRByhRc,18.490291262135923,20.905067722925903,0.29009417475728155,0.4549336362913998
dV_UXo8LiWk,10.217171717171718,7.3690468069798545,-0.15141868686868687,0.459481508279777
dW4wpGg64pE,13.57920792079208,14.771431461750439,0.09470990099009902,0.4251876776142684
dWxS9_OwC8Y,12.733644859813085,15.539411919466604,0.1551467289719626,0.3829003517919456
dbMtuJ1tZnc,17.554112554112553,21.063163145857644,0.11945670995670996,0.42644079107390426
de8K18_G0qk,10.886486486486486,16.970341170287583,0.3273367567567568,0.41337261766220373
deJCEUFeehI,12.366071428571429,12.223884120272206,0.21408839285714285,0.4276345433391148
djLBR_aoymQ,12.745192307692308,14.174805026785384,0.24625384615384616,0.37784586112295093
dmtTnGlTUI0,12.611650485436893,35.132705354915274,0.27845,0.3656212873065617
doFpACkiZ2Q,28.9,39.803398426714644,-0.14918714285714285,0.5313274048772714
dpLrlEBFq-0,9.092592592592593,10.518676224994781,0.17788148148148147,0.33818822064894866
e0hO5fTGwPY,33.33701657458563,41.838342461653674,-0.022322099447513812,0.46609851862504
e3UqLAtdZ04,10.024875621890548,10.487820465161136,0.10984228855721394,0.38273206392035714
e5N_Tq1EtRQ,18.566265060240966,21.013270312126515,0.2575436746987952,0.44346546971546763
e7OQ_ayQTog,11.497607655502392,11.698588179905215,0.04927751196172249,0.32773347464871266
eAyxMv4IBH8,10.432432432432432,11.892042782933315,0.17956162162162162,0.42508085495274434
eKwAib6LosM,14.657004830917874,27.97681489319214,0.22967246376811595,0.38202606791706273
eOQpjvnm4ME,31.267782426778243,39.724199487134285,-0.0383489539748954,0.5514820481975776
eWdZk_88r8I,12.652173913043478,11.256680343912512,0.1748086956521739,0.43492670410717793
ee24QB3o16o,25.893617021276597,47.632434076202664,0.04622872340425532,0.4757576905672011
exGGotfSuH0,12.264150943396226,9.606772775596509,0.3888018867924528,0.4150046434916673
f1e0BPbTjvo,20.178571428571427,27.00412867103344,0.13905833333333334,0.44451642982511025
fCuvR9LEczE,14.623762376237623,14.456902144129828,-0.10576039603960395,0.42510860574967124
fGTfbMioezc,9.585365853658537,9.151435979550143,-0.026743902439024383,0.4059978399257689
fN5HV79_8B8,26.941463414634146,42.23610675161945,0.15756439024390245,0.5310204288288469
fOsphXJvaUE,11.005,21.433899206067927,0.271368,0.4281698735068763
fRj34o4hN4I,18.522151898734176,57.524621227941374,0.07773417721518987,0.39090815228979614
fUyU3lKzoio,15.833836858006043,30.606389758051975,0.08640543806646525,0.4182093958272777
fZYtg2BTWBI,17.40711462450593,15.818798741551078,0.18533438735177865,0.4735638464138473
feDs1pIhTFQ,14.575757575757576,31.108485763196562,0.2377191919191919,0.38130184991231264
feh8CkaPkr4,21.859649122807017,20.44930432688201,0.2712350877192983,0.48189765853433375
fiErkaNjBwk,37.03225806451613,47.62526211369182,0.3143451612903226,0.4561134806446817
floMqK_yHf8,12.890547263681592,13.836110732391706,0.11727313432835822,0.3928456956295014
fmiZUgA-2W4,14.5,2.1213203435596424,0.31935,0.45162910114384797
fmtU3FFpHtU,12.572139303482587,10.31969088202246,0.09376368159203981,0.28988958695403
foImxGyOuQE,18.16216216216216,27.03879862119345,0.02817027027027027,0.4993816139630188
g9T-zd80lNM,15.0,21.494185260204677,-0.210825,0.42165
gG_XI2jXMKs,15.884615384615385,32.05620296672123,0.24086201923076925,0.4108129822983793
gehzrQiwUyM,21.49009900990099,19.768621827162665,0.38358267326732676,0.46839519548243347
givBfOQ47OE,8.244444444444444,5.51466097262074,0.1874677777777778,0.3726701155411823
glHNu91zUdA,34.26168224299065,46.71114643115325,0.07333037383177571,0.4894569555401375
gqR5QaaSFX4,7.3,7.43938468184328,0.14829,0.24607732501977683
gx3S73InQ04,15.316831683168317,28.53031230568789,0.019454950495049503,0.40357835664279007
h8FkbFoRCzc,30.17874396135266,36.13193101941007,0.1909830917874396,0.4411865981888643
h8hMvvP_Bdo,11.054726368159203,7.486787698990218,0.1500592039800995,0.35375413118063115
hGAA98YZBZw,13.64935064935065,12.669655245762602,0.11407012987012988,0.43616301668338564
hIFwL6O_6aA,19.329545454545453,24.969055338707385,0.03407954545454545,0.4557687775522009
hIcR65h2GDs,29.936758893280633,41.70631390583771,0.1420403162055336,0.5321451276298761
hKqzBGE5w-0,12.115384615384615,12.347955054396339,0.15404711538461538,0.4076079989012694
hXzcIoq2ing,15.623762376237623,17.41809631694687,0.25385643564356436,0.3997373147196443
h_-JFUci0BM,11.915,42.204786398877495,0.165525,0.3853658385516457
hiGqKwy4yM0,11.004672897196262,10.697943141145727,0.1299233644859813,0.40753757995545764
hjZJaf6FbOw,13.252173913043478,12.604735699953888,0.11885043478260869,0.46595056653933303
hn4mxYDmWgo,30.282700421940927,55.28278837922257,0.10939240506329113,0.5157221511921009
hpvDsw1D29w,14.046511627906977,20.609698928477354,0.23455813953488372,0.36223374736458447
hsYCNQ9DA-w,18.948275862068964,18.702498130370813,0.17893103448275863,0.47017669125192874
hu_4yAZVNsU,25.48780487804878,31.255683366498946,0.031267317073170736,0.5017738978502618
hwx2n-Rf0f8,14.332268370607029,12.911116767505305,0.49702460063897763,0.36999985559844323
hz7ukDjuq4w,20.59223300970874,34.25740066547954,0.10495145631067962,0.4507281189827979
i1AHCaokqhg,17.736842105263158,21.576848676170084,0.21355745614035088,0.4256504835815836
i2ZHwnKVXK0,8.51,8.14256759475633,0.1314685,0.39229195255312044
i9-0BJ4CJvM,42.76,34.78059803971174,-0.031744,0.5907936378860784
iGCdvqVbIa0,20.139442231075698,23.405308758648097,0.059998406374501996,0.4109505780473489
iGXYZwZEZa0,11.410891089108912,10.81754978179494,0.06274554455445545,0.4285667618448259
iIxy3JN3-jc,21.942446043165468,29.7970842324568,0.09038776978417266,0.42597670693282974
iZpxzfMkVzM,30.294642857142858,36.81541361566517,0.5058174107142858,0.4606109699731795
i_N3q2ZAj-o,24.417721518987342,49.12524163275021,0.0630379746835443,0.42260223556454624
i_nLsG_asQg,20.48,39.209392783006216,0.3495495,0.4475317389713085
iatq3Rn4vsg,14.068965517241379,15.5596957265483,0.16400738916256158,0.4282356009203637
ijUK3z5rt5s,70.035,350.40439491375446,0.059513,0.308411661738791
iqQXwovaUJQ,13.609467455621301,11.547578815510317,0.2513739644970414,0.4204378220085113
ir8UofAKNCM,12.00952380952381,14.613682543271116,0.20110333333333333,0.3827690200579306
itE8Cd85-QM,14.261083743842365,12.929964156064418,0.15383546798029557,0.4608127153592714
iuBPpEkUi8I,8.364077669902912,7.025977642156592,0.129473786407767,0.3455599519369488
iyeWTFLzNZ4,10.852112676056338,14.568928252705788,0.13896267605633802,0.37769824179215356
izIyhdEHSPo,14.80188679245283,48.29400869718722,0.2224179245283019,0.4008067948353587
j28Gt5_Mlo8,4.6,2.1908902300206643,0.04466,0.4738264745663754
j5cSKF5FzD0,15.783132530120483,25.906380724620643,0.09193915662650602,0.4162293250155745
j7I-d1B6HwE,30.546666666666667,43.6761092878306,0.05121866666666667,0.4764654982243711
j7RZy2B73hw,14.522935779816514,13.483628120286443,0.16136192660550458,0.44694061768055565
jCb-WcxO5SU,14.214285714285714,13.619813378787562,0.06669761904761905,0.4666463713855689
jDC_QZAFxKI,12.630434782608695,11.191156627931633,0.2262159420289855,0.4054516114569625
jG1JY0rt2Os,14.255924170616113,30.037609765947845,0.18333222748815167,0.4022323462689378
jLCHpZ6B1gU,12.892307692307693,21.516085862272266,0.4306676923076923,0.3966811808096833
jLM2ibaRbrk,12.787735849056604,13.346538346874278,0.20415801886792453,0.38450247952391353
jLZuaFZWa7A,5.968253968253968,6.907369454880842,0.051076719576719574,0.26621601408868456
jPkRGHivRD8,24.104545454545455,32.86325587263739,0.21504772727272728,0.44192589519525355
jXuAqchqTs8,26.84259259259259,33.9141748097861,0.36090092592592593,0.41094896276683146
jg4hFf-zmn8,16.625,21.74788147928918,0.3765462962962963,0.4523023453555439
jr8L_hJcCM4,12.054726368159203,11.526143763191193,0.3433462686567164,0.4193335831989938
jtVz0qxQM_U,14.965174129353233,16.401029879081598,0.2159313432835821,0.387863637200868
jyUNW5p8Yno,22.004830917874397,31.98034857526641,0.1329304347826087,0.4188411084961872
k-Uw58mxLV4,20.5,10.173494974687902,0.6809833333333334,0.11605023768466255
k29YnfttqEU,13.899038461538462,12.542272445804779,0.15457740384615384,0.42601431698854647
k4rpunDMC0s,13.215909090909092,16.56575116943788,0.010005681818181822,0.2969759173478335
k6NTcNFjVjE,14.881818181818181,18.201676784708887,0.19001772727272728,0.45786902277078756
k7fPYKkt2cQ,12.404255319148936,19.744740163074017,0.11224255319148936,0.3531604498910552
k8IEepWOoAQ,19.145454545454545,65.0803979583913,0.21669818181818182,0.4057655693340098
kCg5D8KMqk4,11.095744680851064,13.566291308618299,0.2190212765957447,0.34389689425238557
kEEBq1vDTa8,12.235294117647058,11.892162520406654,0.09170588235294118,0.4338870804307336
kWIzjMWmuYk,49.7952380952381,32.508239311731124,0.8126342857142858,0.2946119196855063
k_YtadXMmD4,12.935483870967742,15.798598005036116,0.1987516129032258,0.3319648243122231
kce7M5FJ5GM,7.317535545023697,14.638781682081172,0.08425260663507109,0.35615993709398613
keD0IJP4Dtw,8.733990147783251,9.074945235625691,0.24568128078817733,0.38325670822613356
kewIE0Zw6yY,12.013215859030836,11.809505761807072,0.10257092511013216,0.39552649636642734
kgaO45SyaO4,10.128571428571428,11.78749815618034,0.0601852380952381,0.3747515834557269
kl_jxVID3PE,10.130653266331658,8.443694382414193,0.2798437185929648,0.40421037020598793
koUB3vl737c,22.102803738317757,30.06594772761076,-0.24041214953271028,0.4769523201749211
kton-qrKNLc,12.841584158415841,33.08957620156761,0.24591435643564358,0.3891015719262188
l3f_1zEEnR0,9.185929648241206,11.726711415451831,0.1533,0.3416058142409645
l992Loe-qVc,34.65196078431372,39.44093852337145,0.4919328431372549,0.4182865200516285
lARpY0nIQx0,23.71818181818182,41.80169139008389,0.27143954545454546,0.4580988547876793
lBHPVE3AI6Y,29.726114649681527,46.68854861626361,-0.01903375796178344,0.5270432774697543
lCT0OaVqIQE,12.25,7.274384280931732,-0.085,0.17
lDyHwwSMRmM,10.777777777777779,7.31057073315377,0.2406222222222222,0.23820424417806757
lHzclTp0-ZY,11.92887029288703,15.90832333212422,0.11097071129707113,0.4028732494283458
lJmDmfQOWVw,13.668316831683168,10.919145909896333,0.3539430693069307,0.41688186710491587
lQkc0DcS7O4,17.823255813953487,26.23806214715545,0.1636339534883721,0.3852890628769712
lRxAWujpMmA,24.145454545454545,37.99030208545053,0.15436272727272726,0.5068850051190231
lWHZKP6xXHU,14.31336405529954,76.93848827461188,0.047378801843317976,0.3997122633063022
lXfHgFRkOqE,13.763485477178424,16.618202704689917,0.08885892116182573,0.39108275958825467
l_lblj8Cq0o,22.110552763819097,151.77238353280305,-0.034542713567839195,0.44543153917928807
lb0Ymam2Za0,22.400990099009903,151.72904823604745,0.0013663366336633667,0.3373040653371682
lbOXPpVejJ0,18.221411192214113,19.436880432068016,0.1215396593673966,0.4128595834750609
lcpxLXjYAa8,43.63745019920319,99.41838880143105,-0.05199521912350598,0.5707666521942674
ldMaZ_7FNDY,14.83084577114428,17.237785350244227,0.23856069651741293,0.3783638369314811
leFNoUJmJ9o,24.972972972972972,43.974583251202205,0.2642608108108108,0.4396508787141119
leHtDz4Mj0M,32.774193548387096,48.470758113109326,-0.04662540322580645,0.5027188742409174
lsfzA7sWlOM,15.582959641255606,15.183593452143846,0.09991076233183857,0.4174611145195475
lw_KFCgcvA4,13.313186813186814,10.419156907931194,0.46056153846153847,0.4269437585767888
lyavSkF30Rs,12.75,13.710443354729279,-0.03597444444444444,0.46516532053953735
mDRifR9HdK8,10.405940594059405,21.139046052657008,0.20473861386138614,0.35947614731940336
mMzKvVtrC6U,13.370192307692308,16.100303833708182,0.3086855769230769,0.5059577218629132
mNj27CgDAhQ,13.55045871559633,14.677162572210571,0.3494178899082569,0.41471097514327104
mSVkk9lLv1Y,11.45320197044335,18.01790987685012,0.18319655172413793,0.410706636331414
mWaY32HWjKE,25.6,9.235799911215054,0.461,0.2898961107017478
mXJ7wX6CVDk,22.933035714285715,54.402996963728846,0.06331607142857143,0.5052245936753794
maaWSIlDizs,14.910891089108912,22.095945919278527,0.14248465346534653,0.4004946626834608
mcqWcLDUeag,15.246913580246913,15.747643366705327,-0.0491320987654321,0.49086322683288275
mlJGtSg5oRw,15.806451612903226,16.649973719218213,0.1717327188940092,0.4402754049587086
mwiKZ4qmRnQ,18.114173228346456,18.285795365791355,0.12930354330708663,0.43694648475614845
nFpEuUY-zQ0,13.803921568627452,15.056242157168436,0.060061764705882356,0.40904943600063426
nHaBEgkMQVw,14.028846153846153,13.479601142889432,0.4047028846153846,0.4312428925313304
nUgMn2ntSh4,11.79182156133829,14.125548728931347,0.29332193308550186,0.37893269171841804
nUnJQWO4YJY,35.29090909090909,53.37672529129853,0.24422363636363636,0.47013346505421777
naOKPDCngMI,13.68348623853211,12.227709061640414,0.2323573394495413,0.37013822410808134
nkXGohB02V0,13.014925373134329,16.861932751597692,0.23960995024875623,0.4030268837193091
npcqBt_e4k0,8.668292682926829,7.771063691304359,0.16941414634146343,0.3640263361040399
nqP1x8VxrTU,14.785714285714286,21.19308143788438,0.24413973214285714,0.40631755908139777
o2m06SDQJCI,28.83743842364532,44.95793608661567,0.5014118226600985,0.42457194501426504
o7iL2KzDh38,10.06030150753769,27.270555807501395,0.23507035175879398,0.3961029980013194
oB3SAI2oCqk,0.0,0.0,0.0,0.0
oBVr0nUC5AA,20.262135922330096,21.227414811485353,0.13310291262135923,0.48199730143994085
oD9XpUKD7y4,12.280788177339902,12.229447311874685,0.09375812807881774,0.3787511212550058
oDYoV8-9v10,12.38048780487805,15.938042101694604,-0.0038404878048780475,0.34593541569647684
oJ6t7AImTdE,26.302158273381295,36.21366838524919,0.160131654676259,0.4362984286538205
oMupq6zB1Tc,17.835748792270532,19.619983801312703,-0.058429468599033814,0.45615609388833533
oQxKEtoHygY,15.678414096916299,23.818994055848794,0.16725506607929516,0.43876352278387165
oVbqjIuZgIk,17.046109510086456,24.837929125827884,0.10877060518731989,0.4169842549812089
oWithLP0VlQ,13.272277227722773,22.18331863437491,0.17816138613861388,0.39931751838806345
oX8-6whswEA,12.58008658008658,17.97126551860768,0.17623982683982684,0.44837743686004905
obRG-2jurz0,25.441176470588236,32.87371673253679,0.08149166666666667,0.4853249674381933
obkLDeO58Wo,11.98,11.895254744104292,0.1001555,0.38622311432635636
of_i4P9QwyM,17.151658767772513,15.883976190373096,0.2921132701421801,0.4456362663858305
ogYum4kWXgk,10.181818181818182,9.697927228594796,0.2471789256198347,0.4215930837030262
oo9JMSiI55M,9.83732057416268,6.991226954163535,0.19798373205741626,0.4090705419506201
oqbmlVa7Nag,19.966244725738395,28.48592649530269,0.022437974683544304,0.43085806040136915
ox7RsX1Ee34,15.980099502487562,58.49691959402692,0.17382985074626867,0.44636678606777813
oxSlLYC_Exw,10.285714285714286,10.198242043938235,0.13942285714285715,0.37661553693174304
pDi7cezk9CA,15.77,28.580787376053443,0.264223,0.4748783773106393
pKW-ZgBl9eU,10.634517766497462,13.761393290723824,0.15195380710659898,0.3941892345057484
pWVrA0WQ3wU,12.254807692307692,13.033493677857898,0.11188365384615384,0.38382770002488314
pWZnhJay0Y8,33.19827586206897,36.87153780417604,0.2397206896551724,0.49009482084888323
pWqRw4NfFDA,30.735395189003437,59.06643324227371,0.046188316151202745,0.48348265561115017
pXxA_8C3HHQ,15.92511013215859,28.085183861460923,0.15347224669603524,0.4161290970081141
p_IwENcMPOA,14.065656565656566,14.530581520122524,0.2544010101010101,0.464720336510559
paNVYGfGrqI,18.96917808219178,20.175920679541413,-0.08203321917808219,0.463453234731109
pa_oUisZZy0,11.285,10.14338287162631,0.195262,0.42201008246785127
pcWKpGzhgq4,13.326923076923077,14.687036123749898,0.22545625,0.411231408530179
pfX353Wc0GA,10.67741935483871,13.255205046678572,0.10702387096774194,0.3849240341792318
pgjRX9oGF7g,43.42325581395349,87.98514327969394,0.09172558139534884,0.5944324251593717
pgkaAzDMEYA,10.040909090909091,8.730001756965992,0.20408909090909091,0.42036944684874356
phGlo_TNDp0,28.6,27.297537536480387,-0.19379,0.449034082967726
pisY6J2Ky6U,8.950331125827814,9.18475100657509,0.19708543046357616,0.337455825857198
puqaWrEC7tY,11.474489795918368,9.272200648527944,0.17415816326530612,0.43320972168068944
pzPtlmzwajA,34.11,60.530219206491644,0.033309,0.5477308860532546
q260bjSiyq0,9.850746268656716,10.91089418610127,0.19348606965174128,0.3674940215907942
q8kLoRnzgLQ,11.941441441441441,11.063011368396914,0.19680900900900902,0.3952655598637429
qDI8LnPq3VY,0.0,0.0,0.0,0.0
qKh7JdoPZz4,14.646288209606986,12.345954189385099,0.1963362445414847,0.41847136663019546
qMnjdV-eFuM,13.872549019607844,13.174592332427748,0.1987671568627451,0.388320850211675
qfZcxeqa1g4,11.590243902439024,15.600964727555025,0.11789024390243902,0.3550547897548791
qg0GdM60syI,0.0,0.0,0.0,0.0
qmYcbgJBv7s,12.333333333333334,12.682461416704838,0.09233162393162393,0.4266062214917213
qooQd8AA7_M,9.25,25.728530592168703,0.104793,0.27012280484901213
qpAo_XvCQaQ,11.029126213592233,8.866991472272783,0.11103058252427184,0.4087119386162629
qqOR3qXyTY0,16.807692307692307,19.624513712740463,0.12621538461538462,0.39260039194306234
quouML5-UZI,15.112676056338028,18.89110999049202,0.13285399061032863,0.4009139795582418
qv9Gt38LOKQ,12.864321608040202,10.371711888208498,0.04169396984924623,0.42735880941388776
qxbS8qbBL0c,12.528846153846153,17.93706481881529,0.3002125,0.40368636345092446
r-7-bIXETfY,25.371900826446282,33.34819005245046,0.1494305785123967,0.46097131589918
r3J784MSRyQ,12.156565656565656,13.571047575918747,0.10954444444444444,0.409914740602101
r5JK6eEHwIQ,22.23109243697479,29.799349376691428,-0.14997226890756302,0.5308888960063558
r5w4y6GW4U8,18.343589743589742,23.344349576512293,0.025610769230769232,0.4854922729028489
rBFyZRQ9Jeg,17.10135135135135,18.654663243984352,0.1894527027027027,0.41418758516755594
rO_mAQC9bv0,19.0,13.77598554651455,0.3477,0.38519258386768906
rX61Rpc7zWg,12.339055793991417,13.514075451599668,0.1364862660944206,0.4551871243484769
razXGgVwSMs,12.83495145631068,10.394273364604176,-0.12436844660194174,0.41620900826448004
rdJdJpwmcKU,21.361607142857142,24.20296370517523,0.024533035714285712,0.48613249783452334
rf3iHqE240I,17.09090909090909,16.615457459047782,0.06922631578947368,0.3881887259418807
rgcE2lMa0Kw,44.62264150943396,61.46303984447083,0.0372495283018868,0.4471026744149164
rhhQS3ns6HU,14.682926829268293,16.29272516654175,0.3086058536585366,0.46778375069742123
rjlxc-vxNBA,29.751243781094526,37.142264483271255,0.3633407960199005,0.5090683560459864
s1cpCfX-mgo,14.058252427184467,25.344581464565923,0.2270616504854369,0.4347692017220667
s32C3KAi0Nc,39.10995850622407,63.14052525698535,-0.07356203319502075,0.5591761468743812
s7wLPGmnahE,10.633720930232558,8.942285517933193,0.05569360465116279,0.43788812640377683
sJzWZ1yXpek,10.591346153846153,12.504349856304966,0.24759471153846155,0.3542933039694619
sNue9fiqUzk,16.83783783783784,34.77588046134651,-0.04145405405405406,0.4223157189135179
sP6Z94dDPEw,11.840796019900498,11.63161757294247,0.11720547263681592,0.4136930781629063
sQEJ1fZhgUc,7.904040404040404,8.434632729262551,0.22146414141414142,0.39772053713876715
sQzbRulqz3s,13.044334975369457,20.037662679799116,0.13620837438423644,0.3884798768681625
sTfUSq8-9Jw,15.466019417475728,16.878513131821904,0.18529514563106797,0.40045716981266416
sUAQS-xDtYs,11.754545454545454,13.62758843152785,0.24267409090909092,0.3431183715652114
sV7QeEJ9daI,21.89316239316239,43.21958748930914,0.32375299145299147,0.469665891395542
sXP6vliZIHI,10.80281690140845,16.687996803411018,0.0645887323943662,0.3964376045563847
sXe2fzd8als,17.638613861386137,18.3263150942772,0.14521089108910892,0.4425215574816869
sYlCztAZ3AA,15.297560975609755,16.01544119801565,0.15524975609756098,0.43141314142087334
s_FAjI51LPU,22.333333333333332,19.655363983740756,0.17556666666666665,0.30409038678217587
sdKWEWu4PnE,11.253623188405797,15.23397163861656,0.03698768115942029,0.4339239038963928
sgT2Ozn17_c,16.91304347826087,16.14214436677874,0.40324173913043476,0.4328825860115782
shHTYg-rOAg,16.09547738693467,38.41343317290889,0.23718743718592966,0.3691046936051865
sottGW1p5os,10.936274509803921,10.045260031803018,0.3160578431372549,0.42178184598582097
suqecwk9pdw,12.46078431372549,17.060409369494277,-0.026697058823529414,0.3910274078448826
svZScJMh4Pg,12.393203883495145,17.98009068121099,0.26605533980582524,0.41684790879757133
svi8VheVPrc,21.736842105263158,31.081405870147304,0.16881184210526315,0.3873830299401078
t0Ro2Yqs6mA,13.910569105691057,15.278908033469046,0.15250447154471544,0.3935953728007073
t4YAyT4ihIQ,7.768041237113402,7.018318686098391,0.19949278350515465,0.3305524986319079
t5SXnaaOJfY,18.65753424657534,19.380129556156074,0.03666301369863014,0.5662025110100845
tAn7wxn2Atk,16.1871921182266,57.37780329006681,0.07564039408866995,0.4896472832801243
tRbHXZvVMbM,16.857142857142858,14.076322571710877,-0.06217142857142856,0.3867372351450259
tUg-WLRdRv0,11.127962085308058,17.267302574753227,0.14966587677725118,0.3856005632177817
tblXEAKO6KA,14.19047619047619,11.30760384705375,0.03914761904761905,0.4797018705602967
tfaGleA4qYo,21.2972972972973,29.482134967724196,0.1800072072072072,0.47072495503875444
tfyNPxM-M-w,17.29787234042553,23.622399316317377,0.33451063829787236,0.4495641370952061
tgHnvbYlW2k,17.647727272727273,32.52480566092727,-0.010515909090909084,0.46647320231672884
tugFFhML7VY,11.392523364485982,22.701267574108776,0.2102247663551402,0.3667507268906604
tvs3yvEcARA,20.71559633027523,22.89913436599462,0.3031133027522936,0.4305109327139981
twdauWqqmrc,12.165829145728644,11.830351232904867,0.014468341708542715,0.4694126253964412
u0-pfzKbh2k,24.469055374592834,54.701998864974954,0.08766384364820846,0.4804481173102962
u2HVB-9lC3U,16.6,17.854971296532515,-0.24848,0.5081059407249633
uA8d1Y4K-2w,22.987068965517242,28.147951814862953,0.25312586206896553,0.5137561959257206
uAmsViupOa4,21.375,40.842149754649256,-0.03572017045454545,0.40294293632457934
uEhv-4Eb9ms,21.12,19.99524267744029,0.17975066666666667,0.4109425814344822
uTH--XRCGxM,9.112676056338028,7.629787632324823,0.17825023474178403,0.3607750618426752
uU3kLBo_ruo,34.09722222222222,74.74959619812635,-0.03452546296296296,0.4586749475261939
ugdgAifIOBA,11.700934579439252,14.121348639041932,0.22460327102803737,0.3768771088213894
ukqJTaHm-xc,14.346666666666666,14.507842706619066,0.23329511111111112,0.3946588635670856
upt1wHntDws,16.05392156862745,17.32909607430344,0.18969607843137257,0.49113320064186544
uu99R0zAUEw,12.073529411764707,20.475612919463536,0.1348455882352941,0.4365715530315747
uwUchGQRXKM,18.184100418410043,19.851539277530918,0.3880857740585774,0.4353122157428201
v0TiqC_C8wI,11.89423076923077,9.051029000918835,0.2660548076923077,0.44203389871097515
v3Nv2R9Acec,13.195,13.394552819192235,0.240427,0.4746422893984765
v3UrBcJaczQ,11.480176211453745,16.86183584113586,0.12167973568281938,0.3898397819684897
vAGtarDX544,21.292237442922374,22.418588372239512,0.18483744292237442,0.46305616286552465
vBdxi7-_HKw,11.74,11.131514373385947,0.191482,0.4575444944082109
vKbyfdJXoDg,25.405286343612335,40.976180953808246,0.08772422907488987,0.5330667799103436
vNya04dlC4I,20.94930875576037,22.313054889491283,-0.0015451612903225808,0.5066688927099279
vU7v5A5P8BM,26.975609756097562,47.71046654441957,-0.12695658536585366,0.5087494995112909
v_CMMWCN5nQ,17.14218009478673,28.609999467149045,0.19752369668246444,0.43215759086304983
vbiiik_T3Bo,15.0,29.834029344536972,0.11545320197044334,0.4596987933646169
vd4zwINEcLY,11.44973544973545,10.369957756221146,0.029616402116402117,0.3975265557779612
vn9mMeWcgoM,12.982608695652173,14.944720619258728,0.043259565217391306,0.4070926816029211
w0XYVssCKjw,8.447761194029852,6.140725320569759,0.09717860696517414,0.32406740315874066
w7WsuNNLcNw,25.498338870431894,36.369824908818536,0.15012292358803986,0.426901515308575
wFEAoF7RC7Y,28.07843137254902,28.73011538766096,0.4705421568627451,0.4033677150587755
wOFuVNiAJQQ,17.736625514403293,27.520026069151612,0.01571358024691358,0.4225191768604294
wRGldR_SQAA,0.0,0.0,0.0,0.0
wYeMe6_ISKc,12.561576354679802,36.10545475200858,0.06208768472906404,0.44040047132651094
wa9ZyarpM2U,11.57679180887372,12.283400396010048,0.17046996587030716,0.3866586819859808
wc4v9uT6GWc,15.710526315789474,20.677773833127965,0.17846666666666666,0.45989671496606516
wd8h1iND_ys,16.0935960591133,16.607767131181387,0.09235024630541872,0.4458776706292665
wd_JwfXgFHk,15.305825242718447,17.513163412995567,0.22282378640776698,0.4813875339284252
we_Cs4Q0P2A,16.958677685950413,20.767521395284064,0.08778099173553719,0.40089974958711094
wfWIs2gFTAM,21.711009174311926,86.57547235101728,0.12774449541284405,0.43223012857493043
woDDGmpV2KE,20.657004830917874,41.39513998347865,0.09525096618357488,0.3992152811621193
wppAQ8uZpfQ,20.816425120772948,20.046671775986237,0.022712077294685995,0.4896910063975392
wqEknnPadMA,14.787037037037036,13.99804034519113,0.2776925925925926,0.379351950152375
wrpeEitIEpA,17.31924882629108,27.51588658443366,0.047715962441314555,0.41918983837046336
wtTmLBfIiG4,15.504716981132075,22.483590148947997,0.18036650943396226,0.3821214887841324
wuEKwkTqdw4,25.80392156862745,43.79139674181385,-0.11243666666666667,0.49835155939077463
wzKL-bQKcgA,8.869955156950672,9.287507035524495,0.27861121076233186,0.3476905950968443
x-uBFJLY8Ow,32.266666666666666,25.8525120820469,0.47348,0.40459432098267095
x8eLIJAM58M,18.507389162561577,19.410461979017704,0.038667487684729066,0.45363369892359473
xF99M6Zilac,9.930232558139535,19.8086587185008,0.21485302325581396,0.37953877983639
xGcrvGTMgkg,9.541062801932368,7.572113172298405,0.11107439613526571,0.38346839728966003
x_IG4DeedB4,34.86,48.62264087881437,0.246409,0.509528757572097
xgo7SDyFqvc,9.537313432835822,6.541395168178472,0.06827711442786069,0.3603667438508052
xnBtEib-H9E,22.178683385579937,36.376906033920726,0.20184263322884013,0.4380051582799417
xoeObnVyBug,15.936170212765957,18.650567371389688,-0.03677234042553191,0.47743155653437713
xyXscDJSHD0,33.25925925925926,68.24018735086612,-0.06331296296296296,0.5622451843040014
y2l7bhf5fJo,14.333333333333334,24.936586240568964,0.022580952380952382,0.3379051962001289
y3qfeoqErtY,22.683257918552037,64.12068975605507,0.2060710407239819,0.3932389086146708
y7QjFRtt-sg,10.7,9.458186212597044,0.239527,0.4239124500383156
yI7qQ85DTZY,18.291666666666668,24.009644482353632,0.06306666666666666,0.5289037413420649
yJqsPBWbtjk,20.879781420765028,26.138970558725156,0.09874562841530055,0.4435706364282749
yLdav-8af6g,15.801980198019802,14.204981119192691,0.23574356435643565,0.40064680104455114
yNfI81Am8YM,13.88495575221239,15.759724877682848,-0.04128539823008849,0.3726644040588092
yOZf7zIf6fM,18.107692307692307,30.70114830969199,-0.015318974358974355,0.4376249705447616
ySBjb4_JGtY,19.018779342723004,23.735166657068504,0.4656004694835681,0.3940965942671747
ySy8mcceTno,14.009615384615385,19.569766286503302,0.04218173076923077,0.3738760244969023
yUMalTN2OvM,7.0,1.224744871391589,0.1819,0.3183352478127422
yZGSIpcAfEo,25.714285714285715,32.751148289574736,-0.11604523809523809,0.49236812563075494
yawznhmT8x8,10.039800995024876,6.987017100322498,0.19411542288557215,0.39991577202074097
ydNCj-866_Q,11.522388059701493,8.932566611487244,0.11286965174129353,0.4065265923951078
ydPYNo8o-lI,7.97029702970297,14.006363475998407,0.21928811881188118,0.42152722138148774
yqulWPljawo,16.92462311557789,18.28172755396056,0.3235623115577889,0.5115000529603766
yvicqMrAHvQ,11.16289592760181,17.9995120826051,0.254441628959276,0.3653388045052625
ywcNsJb2v2U,14.687782805429864,19.025038169066317,0.1576447963800905,0.5163947589979264
z1FfOwjlqxU,17.02252252252252,20.562990894154115,0.022986486486486487,0.4820134247368152
z2kEKZ6jyQQ,18.71078431372549,81.60447491697632,0.022986274509803922,0.3964654425058044
zDbq7y20wpw,12.62882096069869,11.519520005088271,0.05494192139737991,0.3907836407130212
zDz9s2AOTVE,10.943877551020408,13.78039905883813,0.09260102040816327,0.45159911902775646
zEHRNS-Scrs,32.85806451612903,61.31168388362173,0.3069696774193548,0.5020441609351871
zZ9FciUx6gs,13.384615384615385,15.835084688682064,0.1808466346153846,0.46880953126720554
zslYmBRhdOM,56.83817427385892,87.72145045532574,0.46605186721991704,0.5279673570309522
zuMkDVbThVw,35.45606694560669,42.70975370775406,0.18358744769874477,0.5022257002179645
zvjqcoiOPbE,15.004405286343612,16.833515293745116,0.24159251101321585,0.4398082788122667
zzQsGL_F9_c,23.324675324675326,25.345736461998765,0.2943155844155844,0.5184146394905731
